features,val
CODE_GENDER,1.0
FLAG_OWN_CAR,0.0
FLAG_OWN_REALTY,1.0
CNT_CHILDREN,0.0
AMT_INCOME_TOTAL,221400.0
AMT_CREDIT,247500.0
AMT_ANNUITY,9814.5
AMT_GOODS_PRICE,247500.0
REGION_POPULATION_RELATIVE,0.015221
DAYS_BIRTH,-10916.0
DAYS_EMPLOYED,-810.0
DAYS_REGISTRATION,-532.0
DAYS_ID_PUBLISH,-3534.0
OWN_CAR_AGE,12.061120673168864
FLAG_MOBIL,1.0
FLAG_EMP_PHONE,1.0
FLAG_WORK_PHONE,0.0
FLAG_CONT_MOBILE,1.0
FLAG_PHONE,0.0
FLAG_EMAIL,0.0
CNT_FAM_MEMBERS,2.0
REGION_RATING_CLIENT,2.0
REGION_RATING_CLIENT_W_CITY,2.0
HOUR_APPR_PROCESS_START,13.0
REG_REGION_NOT_LIVE_REGION,0.0
REG_REGION_NOT_WORK_REGION,0.0
LIVE_REGION_NOT_WORK_REGION,0.0
REG_CITY_NOT_LIVE_CITY,0.0
REG_CITY_NOT_WORK_CITY,0.0
LIVE_CITY_NOT_WORK_CITY,0.0
EXT_SOURCE_1,0.543037295469948
EXT_SOURCE_2,0.5873646392985845
EXT_SOURCE_3,0.6925590674998008
APARTMENTS_AVG,0.2598
BASEMENTAREA_AVG,0.0884425147963783
YEARS_BEGINEXPLUATATION_AVG,0.9831
YEARS_BUILD_AVG,0.7524715116335507
COMMONAREA_AVG,0.0446211398348534
ELEVATORS_AVG,0.28
ENTRANCES_AVG,0.2414
FLOORSMAX_AVG,0.3333
FLOORSMIN_AVG,0.2318965054062528
LANDAREA_AVG,0.0663338507352764
LIVINGAPARTMENTS_AVG,0.1007759736923234
LIVINGAREA_AVG,0.2822
NONLIVINGAPARTMENTS_AVG,0.0088088185541784
NONLIVINGAREA_AVG,0.0011
APARTMENTS_MODE,0.2647
BASEMENTAREA_MODE,0.0875434194332301
YEARS_BEGINEXPLUATATION_MODE,0.9831
YEARS_BUILD_MODE,0.7596373496665727
COMMONAREA_MODE,0.0425535387770521
ELEVATORS_MODE,0.282
ENTRANCES_MODE,0.2414
FLOORSMAX_MODE,0.3333
FLOORSMIN_MODE,0.2280614198873233
LANDAREA_MODE,0.064958320191484
LIVINGAPARTMENTS_MODE,0.1056460744013975
LIVINGAREA_MODE,0.294
NONLIVINGAPARTMENTS_MODE,0.0080765178998882
NONLIVINGAREA_MODE,0.0012
APARTMENTS_MEDI,0.2623
BASEMENTAREA_MEDI,0.0879551389487711
YEARS_BEGINEXPLUATATION_MEDI,0.9831
YEARS_BUILD_MEDI,0.7557463488026712
COMMONAREA_MEDI,0.0445955248529332
ELEVATORS_MEDI,0.28
ENTRANCES_MEDI,0.2414
FLOORSMAX_MEDI,0.3333
FLOORSMIN_MEDI,0.2316279375322403
LANDAREA_MEDI,0.0671694217853169
LIVINGAPARTMENTS_MEDI,0.1019556818415374
LIVINGAREA_MEDI,0.2873
NONLIVINGAPARTMENTS_MEDI,0.0086511559125485
NONLIVINGAREA_MEDI,0.0011
TOTALAREA_MODE,0.2222
OBS_30_CNT_SOCIAL_CIRCLE,0.0
DEF_30_CNT_SOCIAL_CIRCLE,0.0
OBS_60_CNT_SOCIAL_CIRCLE,0.0
DEF_60_CNT_SOCIAL_CIRCLE,0.0
DAYS_LAST_PHONE_CHANGE,-3.0
FLAG_DOCUMENT_2,0.0
FLAG_DOCUMENT_3,1.0
FLAG_DOCUMENT_4,0.0
FLAG_DOCUMENT_5,0.0
FLAG_DOCUMENT_6,0.0
FLAG_DOCUMENT_7,0.0
FLAG_DOCUMENT_8,0.0
FLAG_DOCUMENT_9,0.0
FLAG_DOCUMENT_10,0.0
FLAG_DOCUMENT_11,0.0
FLAG_DOCUMENT_12,0.0
FLAG_DOCUMENT_13,0.0
FLAG_DOCUMENT_14,0.0
FLAG_DOCUMENT_15,0.0
FLAG_DOCUMENT_16,0.0
FLAG_DOCUMENT_17,0.0
FLAG_DOCUMENT_18,0.0
FLAG_DOCUMENT_19,0.0
FLAG_DOCUMENT_20,0.0
FLAG_DOCUMENT_21,0.0
AMT_REQ_CREDIT_BUREAU_HOUR,0.0
AMT_REQ_CREDIT_BUREAU_DAY,0.0
AMT_REQ_CREDIT_BUREAU_WEEK,0.0
AMT_REQ_CREDIT_BUREAU_MON,1.0
AMT_REQ_CREDIT_BUREAU_QRT,0.0
AMT_REQ_CREDIT_BUREAU_YEAR,0.0
NAME_CONTRACT_TYPE_Cash loans,1.0
NAME_CONTRACT_TYPE_Revolving loans,0.0
NAME_TYPE_SUITE_Children,0.0
NAME_TYPE_SUITE_Family,0.0
NAME_TYPE_SUITE_Group of people,0.0
NAME_TYPE_SUITE_Other_A,0.0
NAME_TYPE_SUITE_Other_B,0.0
"NAME_TYPE_SUITE_Spouse, partner",0.0
NAME_TYPE_SUITE_Unaccompanied,1.0
NAME_INCOME_TYPE_Businessman,0.0
NAME_INCOME_TYPE_Commercial associate,0.0
NAME_INCOME_TYPE_Maternity leave,0.0
NAME_INCOME_TYPE_Pensioner,0.0
NAME_INCOME_TYPE_State servant,1.0
NAME_INCOME_TYPE_Student,0.0
NAME_INCOME_TYPE_Unemployed,0.0
NAME_INCOME_TYPE_Working,0.0
NAME_EDUCATION_TYPE_Academic degree,0.0
NAME_EDUCATION_TYPE_Higher education,1.0
NAME_EDUCATION_TYPE_Incomplete higher,0.0
NAME_EDUCATION_TYPE_Lower secondary,0.0
NAME_EDUCATION_TYPE_Secondary / secondary special,0.0
NAME_FAMILY_STATUS_Civil marriage,0.0
NAME_FAMILY_STATUS_Married,1.0
NAME_FAMILY_STATUS_Separated,0.0
NAME_FAMILY_STATUS_Single / not married,0.0
NAME_FAMILY_STATUS_Unknown,0.0
NAME_FAMILY_STATUS_Widow,0.0
NAME_HOUSING_TYPE_Co-op apartment,0.0
NAME_HOUSING_TYPE_House / apartment,1.0
NAME_HOUSING_TYPE_Municipal apartment,0.0
NAME_HOUSING_TYPE_Office apartment,0.0
NAME_HOUSING_TYPE_Rented apartment,0.0
NAME_HOUSING_TYPE_With parents,0.0
OCCUPATION_TYPE_Accountants,0.0
OCCUPATION_TYPE_Cleaning staff,0.0
OCCUPATION_TYPE_Cooking staff,0.0
OCCUPATION_TYPE_Core staff,0.0
OCCUPATION_TYPE_Drivers,0.0
OCCUPATION_TYPE_HR staff,0.0
OCCUPATION_TYPE_High skill tech staff,0.0
OCCUPATION_TYPE_IT staff,0.0
OCCUPATION_TYPE_Laborers,1.0
OCCUPATION_TYPE_Low-skill Laborers,0.0
OCCUPATION_TYPE_Managers,0.0
OCCUPATION_TYPE_Medicine staff,0.0
OCCUPATION_TYPE_Private service staff,0.0
OCCUPATION_TYPE_Realty agents,0.0
OCCUPATION_TYPE_Sales staff,0.0
OCCUPATION_TYPE_Secretaries,0.0
OCCUPATION_TYPE_Security staff,0.0
OCCUPATION_TYPE_Waiters/barmen staff,0.0
WEEKDAY_APPR_PROCESS_START_FRIDAY,1.0
WEEKDAY_APPR_PROCESS_START_MONDAY,0.0
WEEKDAY_APPR_PROCESS_START_SATURDAY,0.0
WEEKDAY_APPR_PROCESS_START_SUNDAY,0.0
WEEKDAY_APPR_PROCESS_START_THURSDAY,0.0
WEEKDAY_APPR_PROCESS_START_TUESDAY,0.0
WEEKDAY_APPR_PROCESS_START_WEDNESDAY,0.0
ORGANIZATION_TYPE_Advertising,0.0
ORGANIZATION_TYPE_Agriculture,0.0
ORGANIZATION_TYPE_Bank,0.0
ORGANIZATION_TYPE_Business Entity Type 1,0.0
ORGANIZATION_TYPE_Business Entity Type 2,0.0
ORGANIZATION_TYPE_Business Entity Type 3,0.0
ORGANIZATION_TYPE_Cleaning,0.0
ORGANIZATION_TYPE_Construction,0.0
ORGANIZATION_TYPE_Culture,0.0
ORGANIZATION_TYPE_Electricity,0.0
ORGANIZATION_TYPE_Emergency,0.0
ORGANIZATION_TYPE_Government,0.0
ORGANIZATION_TYPE_Hotel,0.0
ORGANIZATION_TYPE_Housing,0.0
ORGANIZATION_TYPE_Industry: type 1,0.0
ORGANIZATION_TYPE_Industry: type 10,0.0
ORGANIZATION_TYPE_Industry: type 11,0.0
ORGANIZATION_TYPE_Industry: type 12,0.0
ORGANIZATION_TYPE_Industry: type 13,0.0
ORGANIZATION_TYPE_Industry: type 2,0.0
ORGANIZATION_TYPE_Industry: type 3,0.0
ORGANIZATION_TYPE_Industry: type 4,0.0
ORGANIZATION_TYPE_Industry: type 5,0.0
ORGANIZATION_TYPE_Industry: type 6,0.0
ORGANIZATION_TYPE_Industry: type 7,0.0
ORGANIZATION_TYPE_Industry: type 8,0.0
ORGANIZATION_TYPE_Industry: type 9,0.0
ORGANIZATION_TYPE_Insurance,0.0
ORGANIZATION_TYPE_Kindergarten,0.0
ORGANIZATION_TYPE_Legal Services,0.0
ORGANIZATION_TYPE_Medicine,0.0
ORGANIZATION_TYPE_Military,1.0
ORGANIZATION_TYPE_Mobile,0.0
ORGANIZATION_TYPE_Other,0.0
ORGANIZATION_TYPE_Police,0.0
ORGANIZATION_TYPE_Postal,0.0
ORGANIZATION_TYPE_Realtor,0.0
ORGANIZATION_TYPE_Religion,0.0
ORGANIZATION_TYPE_Restaurant,0.0
ORGANIZATION_TYPE_School,0.0
ORGANIZATION_TYPE_Security,0.0
ORGANIZATION_TYPE_Security Ministries,0.0
ORGANIZATION_TYPE_Self-employed,0.0
ORGANIZATION_TYPE_Services,0.0
ORGANIZATION_TYPE_Telecom,0.0
ORGANIZATION_TYPE_Trade: type 1,0.0
ORGANIZATION_TYPE_Trade: type 2,0.0
ORGANIZATION_TYPE_Trade: type 3,0.0
ORGANIZATION_TYPE_Trade: type 4,0.0
ORGANIZATION_TYPE_Trade: type 5,0.0
ORGANIZATION_TYPE_Trade: type 6,0.0
ORGANIZATION_TYPE_Trade: type 7,0.0
ORGANIZATION_TYPE_Transport: type 1,0.0
ORGANIZATION_TYPE_Transport: type 2,0.0
ORGANIZATION_TYPE_Transport: type 3,0.0
ORGANIZATION_TYPE_Transport: type 4,0.0
ORGANIZATION_TYPE_University,0.0
ORGANIZATION_TYPE_XNA,0.0
FONDKAPREMONT_MODE_not specified,0.0
FONDKAPREMONT_MODE_org spec account,0.0
FONDKAPREMONT_MODE_reg oper account,1.0
FONDKAPREMONT_MODE_reg oper spec account,0.0
HOUSETYPE_MODE_block of flats,1.0
HOUSETYPE_MODE_specific housing,0.0
HOUSETYPE_MODE_terraced house,0.0
WALLSMATERIAL_MODE_Block,0.0
WALLSMATERIAL_MODE_Mixed,0.0
WALLSMATERIAL_MODE_Monolithic,0.0
WALLSMATERIAL_MODE_Others,0.0
WALLSMATERIAL_MODE_Panel,1.0
"WALLSMATERIAL_MODE_Stone, brick",0.0
WALLSMATERIAL_MODE_Wooden,0.0
EMERGENCYSTATE_MODE_No,1.0
EMERGENCYSTATE_MODE_Yes,0.0
DAYS_EMPLOYED_PERC,0.0742030047636496
INCOME_CREDIT_PERC,0.8945454545454545
INCOME_PER_PERSON,110700.0
ANNUITY_INCOME_PERC,0.0443292682926829
PAYMENT_RATE,0.0396545454545454
BURO_DAYS_CREDIT_MIN,-2891.0
BURO_DAYS_CREDIT_MAX,-293.0
BURO_DAYS_CREDIT_MEAN,-1397.4615384615386
BURO_DAYS_CREDIT_VAR,799417.2692307691
BURO_DAYS_CREDIT_ENDDATE_MIN,-2710.0
BURO_DAYS_CREDIT_ENDDATE_MAX,31118.0
BURO_DAYS_CREDIT_ENDDATE_MEAN,2480.923076923077
BURO_DAYS_CREDIT_UPDATE_MEAN,-944.1538461538462
BURO_CREDIT_DAY_OVERDUE_MAX,0.0
BURO_CREDIT_DAY_OVERDUE_MEAN,0.0
BURO_AMT_CREDIT_MAX_OVERDUE_MEAN,2183.387562028116
BURO_AMT_CREDIT_SUM_MAX,7875000.0
BURO_AMT_CREDIT_SUM_MEAN,664636.4619230769
BURO_AMT_CREDIT_SUM_SUM,8640274.004999999
BURO_AMT_CREDIT_SUM_DEBT_MAX,7868929.5
BURO_AMT_CREDIT_SUM_DEBT_MEAN,632090.7207618708
BURO_AMT_CREDIT_SUM_DEBT_SUM,8217179.369904322
BURO_AMT_CREDIT_SUM_OVERDUE_MEAN,0.0
BURO_AMT_CREDIT_SUM_LIMIT_MEAN,1437.5803800693477
BURO_AMT_CREDIT_SUM_LIMIT_SUM,18688.54494090152
BURO_AMT_ANNUITY_MAX,15712.757700077813
BURO_AMT_ANNUITY_MEAN,15712.757700077813
BURO_CNT_CREDIT_PROLONG_SUM,0.0
BURO_MONTHS_BALANCE_MIN_MIN,-56.48894623282844
BURO_MONTHS_BALANCE_MAX_MAX,-0.9277141091390096
BURO_MONTHS_BALANCE_SIZE_MEAN,27.477237166855787
BURO_MONTHS_BALANCE_SIZE_SUM,0.0
BURO_CREDIT_ACTIVE_Active_MEAN,0.3846153846153846
BURO_CREDIT_ACTIVE_Bad debt_MEAN,0.0
BURO_CREDIT_ACTIVE_Closed_MEAN,0.6153846153846154
BURO_CREDIT_ACTIVE_Sold_MEAN,0.0
BURO_CREDIT_CURRENCY_currency 1_MEAN,1.0
BURO_CREDIT_CURRENCY_currency 2_MEAN,0.0
BURO_CREDIT_CURRENCY_currency 3_MEAN,0.0
BURO_CREDIT_CURRENCY_currency 4_MEAN,0.0
BURO_CREDIT_TYPE_Another type of loan_MEAN,0.0
BURO_CREDIT_TYPE_Car loan_MEAN,0.0
BURO_CREDIT_TYPE_Cash loan (non-earmarked)_MEAN,0.0
BURO_CREDIT_TYPE_Consumer credit_MEAN,0.6923076923076923
BURO_CREDIT_TYPE_Credit card_MEAN,0.2307692307692307
BURO_CREDIT_TYPE_Interbank credit_MEAN,0.0
BURO_CREDIT_TYPE_Loan for business development_MEAN,0.0
BURO_CREDIT_TYPE_Loan for purchase of shares (margin lending)_MEAN,0.0
BURO_CREDIT_TYPE_Loan for the purchase of equipment_MEAN,0.0
BURO_CREDIT_TYPE_Loan for working capital replenishment_MEAN,0.0
BURO_CREDIT_TYPE_Microloan_MEAN,0.0
BURO_CREDIT_TYPE_Mobile operator loan_MEAN,0.0
BURO_CREDIT_TYPE_Mortgage_MEAN,0.0769230769230769
BURO_CREDIT_TYPE_Real estate loan_MEAN,0.0
BURO_CREDIT_TYPE_Unknown type of loan_MEAN,0.0
BURO_STATUS_0_MEAN_MEAN,0.4571110856467422
BURO_STATUS_1_MEAN_MEAN,0.0141994245628681
BURO_STATUS_2_MEAN_MEAN,0.0010246415672628
BURO_STATUS_3_MEAN_MEAN,0.0003849870659297
BURO_STATUS_4_MEAN_MEAN,0.0002560418564464
BURO_STATUS_5_MEAN_MEAN,0.0022312311357195
BURO_STATUS_C_MEAN_MEAN,0.3302494922420468
BURO_STATUS_X_MEAN_MEAN,0.1945430959229843
ACTIVE_DAYS_CREDIT_MIN,-722.0
ACTIVE_DAYS_CREDIT_MAX,-293.0
ACTIVE_DAYS_CREDIT_MEAN,-539.0
ACTIVE_DAYS_CREDIT_VAR,35851.5
ACTIVE_DAYS_CREDIT_ENDDATE_MIN,-387.0
ACTIVE_DAYS_CREDIT_ENDDATE_MAX,10412.0
ACTIVE_DAYS_CREDIT_ENDDATE_MEAN,2194.2
ACTIVE_DAYS_CREDIT_UPDATE_MEAN,-439.4
ACTIVE_CREDIT_DAY_OVERDUE_MAX,0.0
ACTIVE_CREDIT_DAY_OVERDUE_MEAN,0.0
ACTIVE_AMT_CREDIT_MAX_OVERDUE_MEAN,765.0835322546204
ACTIVE_AMT_CREDIT_SUM_MAX,7875000.0
ACTIVE_AMT_CREDIT_SUM_MEAN,1608170.085
ACTIVE_AMT_CREDIT_SUM_SUM,8040850.425
ACTIVE_AMT_CREDIT_SUM_DEBT_MAX,7868929.5
ACTIVE_AMT_CREDIT_SUM_DEBT_MEAN,1588601.826
ACTIVE_AMT_CREDIT_SUM_DEBT_SUM,7943009.13
ACTIVE_AMT_CREDIT_SUM_OVERDUE_MEAN,0.0
ACTIVE_AMT_CREDIT_SUM_LIMIT_MEAN,1245.902996060101
ACTIVE_AMT_CREDIT_SUM_LIMIT_SUM,6229.514980300505
ACTIVE_AMT_ANNUITY_MAX,15712.757700077813
ACTIVE_AMT_ANNUITY_MEAN,15712.757700077813
ACTIVE_CNT_CREDIT_PROLONG_SUM,0.0
ACTIVE_MONTHS_BALANCE_MIN_MIN,-29.45846129719416
ACTIVE_MONTHS_BALANCE_MAX_MAX,-0.943804806649329
ACTIVE_MONTHS_BALANCE_SIZE_MEAN,18.09576909606108
ACTIVE_MONTHS_BALANCE_SIZE_SUM,0.0
CLOSED_DAYS_CREDIT_MIN,-2891.0
CLOSED_DAYS_CREDIT_MAX,-1147.0
CLOSED_DAYS_CREDIT_MEAN,-1934.0
CLOSED_DAYS_CREDIT_VAR,494547.4285714286
CLOSED_DAYS_CREDIT_ENDDATE_MIN,-2710.0
CLOSED_DAYS_CREDIT_ENDDATE_MAX,31118.0
CLOSED_DAYS_CREDIT_ENDDATE_MEAN,2660.125
CLOSED_DAYS_CREDIT_UPDATE_MEAN,-1259.625
CLOSED_CREDIT_DAY_OVERDUE_MAX,0.0
CLOSED_CREDIT_DAY_OVERDUE_MEAN,0.0
CLOSED_AMT_CREDIT_MAX_OVERDUE_MEAN,3069.827580636551
CLOSED_AMT_CREDIT_SUM_MAX,135000.0
CLOSED_AMT_CREDIT_SUM_MEAN,74927.94750000001
CLOSED_AMT_CREDIT_SUM_SUM,599423.5800000001
CLOSED_AMT_CREDIT_SUM_DEBT_MAX,137085.11995216066
CLOSED_AMT_CREDIT_SUM_DEBT_MEAN,34271.279988040165
CLOSED_AMT_CREDIT_SUM_DEBT_SUM,274170.2399043213
CLOSED_AMT_CREDIT_SUM_OVERDUE_MEAN,0.0
CLOSED_AMT_CREDIT_SUM_LIMIT_MEAN,1557.3787450751263
CLOSED_AMT_CREDIT_SUM_LIMIT_SUM,12459.02996060101
CLOSED_AMT_ANNUITY_MAX,15712.757700077813
CLOSED_AMT_ANNUITY_MEAN,15712.757700077813
CLOSED_CNT_CREDIT_PROLONG_SUM,0.0
CLOSED_MONTHS_BALANCE_MIN_MIN,-59.983699758469065
CLOSED_MONTHS_BALANCE_MAX_MAX,-3.605759583823621
CLOSED_MONTHS_BALANCE_SIZE_MEAN,33.457592101378445
CLOSED_MONTHS_BALANCE_SIZE_SUM,0.0
PREV_AMT_ANNUITY_MIN,7582.831682217773
PREV_AMT_ANNUITY_MAX,24441.58927750989
PREV_AMT_ANNUITY_MEAN,14472.678282191866
PREV_AMT_APPLICATION_MIN,44361.490275396594
PREV_AMT_APPLICATION_MAX,374585.0539819381
PREV_AMT_APPLICATION_MEAN,154004.4119731324
PREV_AMT_CREDIT_MIN,48691.268880083706
PREV_AMT_CREDIT_MAX,413860.38525667146
PREV_AMT_CREDIT_MEAN,170068.93036840452
PREV_APP_CREDIT_PERC_MIN,0.7916628432800682
PREV_APP_CREDIT_PERC_MAX,1.113746748982998
PREV_APP_CREDIT_PERC_MEAN,0.9687519411636818
PREV_APP_CREDIT_PERC_VAR,0.0727588962468291
PREV_AMT_DOWN_PAYMENT_MIN,2953.5596333317394
PREV_AMT_DOWN_PAYMENT_MAX,12859.689373340569
PREV_AMT_DOWN_PAYMENT_MEAN,6950.048155825946
PREV_AMT_GOODS_PRICE_MIN,75795.04472603204
PREV_AMT_GOODS_PRICE_MAX,391457.32160746
PREV_AMT_GOODS_PRICE_MEAN,190530.61026277547
PREV_HOUR_APPR_PROCESS_START_MIN,10.728283164921852
PREV_HOUR_APPR_PROCESS_START_MAX,14.768327418030394
PREV_HOUR_APPR_PROCESS_START_MEAN,12.661582663770645
PREV_RATE_DOWN_PAYMENT_MIN,0.0376040987183436
PREV_RATE_DOWN_PAYMENT_MAX,0.138260317116744
PREV_RATE_DOWN_PAYMENT_MEAN,0.0810234979097627
PREV_DAYS_DECISION_MIN,-1539.8135253716678
PREV_DAYS_DECISION_MAX,-480.8204278945759
PREV_DAYS_DECISION_MEAN,-919.5761942786336
PREV_CNT_PAYMENT_MEAN,14.472980273133752
PREV_CNT_PAYMENT_SUM,77.96693735359972
PREV_NAME_CONTRACT_TYPE_Cash loans_MEAN,0.3170689550690855
PREV_NAME_CONTRACT_TYPE_Consumer loans_MEAN,0.5844887993868585
PREV_NAME_CONTRACT_TYPE_Revolving loans_MEAN,0.0982638433381511
PREV_NAME_CONTRACT_TYPE_XNA_MEAN,0.0001784022059047
PREV_WEEKDAY_APPR_PROCESS_START_FRIDAY_MEAN,0.1472899130242362
PREV_WEEKDAY_APPR_PROCESS_START_MONDAY_MEAN,0.1455341226215207
PREV_WEEKDAY_APPR_PROCESS_START_SATURDAY_MEAN,0.154058632174577
PREV_WEEKDAY_APPR_PROCESS_START_SUNDAY_MEAN,0.1133482907632603
PREV_WEEKDAY_APPR_PROCESS_START_THURSDAY_MEAN,0.1451430363224381
PREV_WEEKDAY_APPR_PROCESS_START_TUESDAY_MEAN,0.1470010383651098
PREV_WEEKDAY_APPR_PROCESS_START_WEDNESDAY_MEAN,0.1476249667288576
PREV_FLAG_LAST_APPL_PER_CONTRACT_N_MEAN,0.0030117716836198
PREV_FLAG_LAST_APPL_PER_CONTRACT_Y_MEAN,0.99698822831638
PREV_NAME_CASH_LOAN_PURPOSE_Building a house or an annex_MEAN,0.0012012678948135
PREV_NAME_CASH_LOAN_PURPOSE_Business development_MEAN,0.0002018038124784
PREV_NAME_CASH_LOAN_PURPOSE_Buying a garage_MEAN,5.952330346725676e-05
PREV_NAME_CASH_LOAN_PURPOSE_Buying a holiday home / land_MEAN,0.0002496748390366
PREV_NAME_CASH_LOAN_PURPOSE_Buying a home_MEAN,0.0003708145951607
PREV_NAME_CASH_LOAN_PURPOSE_Buying a new car_MEAN,0.0004340444647798
PREV_NAME_CASH_LOAN_PURPOSE_Buying a used car_MEAN,0.0013197006786926
PREV_NAME_CASH_LOAN_PURPOSE_Car repairs_MEAN,0.0004619992268665
PREV_NAME_CASH_LOAN_PURPOSE_Education_MEAN,0.0007820463521763
PREV_NAME_CASH_LOAN_PURPOSE_Everyday expenses_MEAN,0.0012729728504496
PREV_NAME_CASH_LOAN_PURPOSE_Furniture_MEAN,0.0004490097174403
PREV_NAME_CASH_LOAN_PURPOSE_Gasification / water supply_MEAN,0.0001610600948603
PREV_NAME_CASH_LOAN_PURPOSE_Hobby_MEAN,1.9161738152528388e-05
PREV_NAME_CASH_LOAN_PURPOSE_Journey_MEAN,0.0006350752734266
PREV_NAME_CASH_LOAN_PURPOSE_Medicine_MEAN,0.0011291794470715
PREV_NAME_CASH_LOAN_PURPOSE_Money for a third person_MEAN,1.5529010482122924e-05
PREV_NAME_CASH_LOAN_PURPOSE_Other_MEAN,0.007556159816186
PREV_NAME_CASH_LOAN_PURPOSE_Payments on other loans_MEAN,0.0006007559068972
PREV_NAME_CASH_LOAN_PURPOSE_Purchase of electronic equipment_MEAN,0.0006263584887728
PREV_NAME_CASH_LOAN_PURPOSE_Refusal to name the goal_MEAN,9.26885231462061e-06
PREV_NAME_CASH_LOAN_PURPOSE_Repairs_MEAN,0.0115185976150248
PREV_NAME_CASH_LOAN_PURPOSE_Urgent needs_MEAN,0.0045966629318437
PREV_NAME_CASH_LOAN_PURPOSE_Wedding / gift / holiday_MEAN,0.0004991152660803
PREV_NAME_CASH_LOAN_PURPOSE_XAP_MEAN,0.6829310449309144
PREV_NAME_CASH_LOAN_PURPOSE_XNA_MEAN,0.2828991728926105
PREV_NAME_CONTRACT_STATUS_Approved_MEAN,0.7488591258925509
PREV_NAME_CONTRACT_STATUS_Canceled_MEAN,0.1251329491482808
PREV_NAME_CONTRACT_STATUS_Refused_MEAN,0.1108971014472753
PREV_NAME_CONTRACT_STATUS_Unused offer_MEAN,0.0151108235118927
PREV_NAME_PAYMENT_TYPE_Cash through the bank_MEAN,0.6815034924421889
PREV_NAME_PAYMENT_TYPE_Cashless from the account of the employer_MEAN,0.0007033760604722
PREV_NAME_PAYMENT_TYPE_Non-cash from your account_MEAN,0.0061079032033547
PREV_NAME_PAYMENT_TYPE_XNA_MEAN,0.3116852282939842
PREV_CODE_REJECT_REASON_CLIENT_MEAN,0.0151108235118927
PREV_CODE_REJECT_REASON_HC_MEAN,0.0596971236672051
PREV_CODE_REJECT_REASON_LIMIT_MEAN,0.0250802091018018
PREV_CODE_REJECT_REASON_SCO_MEAN,0.0166347381398801
PREV_CODE_REJECT_REASON_SCOFR_MEAN,0.0056201740055375
PREV_CODE_REJECT_REASON_SYSTEM_MEAN,0.0003355600840593
PREV_CODE_REJECT_REASON_VERIF_MEAN,0.001498653952079
PREV_CODE_REJECT_REASON_XAP_MEAN,0.8739831393570363
PREV_CODE_REJECT_REASON_XNA_MEAN,0.0020395781805078
PREV_NAME_TYPE_SUITE_Children_MEAN,0.0214284437235909
PREV_NAME_TYPE_SUITE_Family_MEAN,0.1468211884333327
PREV_NAME_TYPE_SUITE_Group of people_MEAN,0.0015751654372677
PREV_NAME_TYPE_SUITE_Other_A_MEAN,0.0066060193941364
PREV_NAME_TYPE_SUITE_Other_B_MEAN,0.0125769852674987
"PREV_NAME_TYPE_SUITE_Spouse, partner_MEAN",0.0470721035577229
PREV_NAME_TYPE_SUITE_Unaccompanied_MEAN,0.7639200941864503
PREV_NAME_CLIENT_TYPE_New_MEAN,0.3504112524141027
PREV_NAME_CLIENT_TYPE_Refreshed_MEAN,0.1002131448162962
PREV_NAME_CLIENT_TYPE_Repeater_MEAN,0.5484330184842808
PREV_NAME_CLIENT_TYPE_XNA_MEAN,0.00094258428532
PREV_NAME_GOODS_CATEGORY_Additional Service_MEAN,0.0001047642158324
PREV_NAME_GOODS_CATEGORY_Animals_MEAN,1.1452667841710389e-06
PREV_NAME_GOODS_CATEGORY_Audio/Video_MEAN,0.0785557341992372
PREV_NAME_GOODS_CATEGORY_Auto Accessories_MEAN,0.0060219805102561
PREV_NAME_GOODS_CATEGORY_Clothing and Accessories_MEAN,0.0213557373284186
PREV_NAME_GOODS_CATEGORY_Computers_MEAN,0.0852464494724365
PREV_NAME_GOODS_CATEGORY_Construction Materials_MEAN,0.021800999978447
PREV_NAME_GOODS_CATEGORY_Consumer Electronics_MEAN,0.0973055260876268
PREV_NAME_GOODS_CATEGORY_Direct Sales_MEAN,0.0003885805145156
PREV_NAME_GOODS_CATEGORY_Education_MEAN,0.0001503257235031
PREV_NAME_GOODS_CATEGORY_Fitness_MEAN,0.000277567613886
PREV_NAME_GOODS_CATEGORY_Furniture_MEAN,0.0462700390579818
PREV_NAME_GOODS_CATEGORY_Gardening_MEAN,0.0024480314977857
PREV_NAME_GOODS_CATEGORY_Homewares_MEAN,0.0049223256989854
PREV_NAME_GOODS_CATEGORY_House Construction_MEAN,0.0
PREV_NAME_GOODS_CATEGORY_Insurance_MEAN,4.0356712951314174e-05
PREV_NAME_GOODS_CATEGORY_Jewelry_MEAN,0.0049819369919448
PREV_NAME_GOODS_CATEGORY_Medical Supplies_MEAN,0.0043562164494345
PREV_NAME_GOODS_CATEGORY_Medicine_MEAN,0.0018095038152163
PREV_NAME_GOODS_CATEGORY_Mobile_MEAN,0.1741492625497401
PREV_NAME_GOODS_CATEGORY_Office Appliances_MEAN,0.0017099566103387
PREV_NAME_GOODS_CATEGORY_Other_MEAN,0.0018558377192328
PREV_NAME_GOODS_CATEGORY_Photo / Cinema Equipment_MEAN,0.018601754648742
PREV_NAME_GOODS_CATEGORY_Sport and Leisure_MEAN,0.0025294671309488
PREV_NAME_GOODS_CATEGORY_Tourism_MEAN,0.001607073718686
PREV_NAME_GOODS_CATEGORY_Vehicles_MEAN,0.0031383712414841
PREV_NAME_GOODS_CATEGORY_Weapon_MEAN,6.547011178358015e-05
PREV_NAME_GOODS_CATEGORY_XNA_MEAN,0.4203055851337995
PREV_NAME_PORTFOLIO_Cards_MEAN,0.078264428779417
PREV_NAME_PORTFOLIO_Cars_MEAN,0.0003186383175922
PREV_NAME_PORTFOLIO_Cash_MEAN,0.2072605500458149
PREV_NAME_PORTFOLIO_POS_MEAN,0.5636635193197089
PREV_NAME_PORTFOLIO_XNA_MEAN,0.150492863537467
PREV_NAME_PRODUCT_TYPE_XNA_MEAN,0.7144750211747679
PREV_NAME_PRODUCT_TYPE_walk-in_MEAN,0.0805527338499993
PREV_NAME_PRODUCT_TYPE_x-sell_MEAN,0.2049722449752326
PREV_CHANNEL_TYPE_AP+ (Cash loan)_MEAN,0.0297644390849091
PREV_CHANNEL_TYPE_Car dealer_MEAN,0.0003377669655213
PREV_CHANNEL_TYPE_Channel of corporate sales_MEAN,0.0037161724725274
PREV_CHANNEL_TYPE_Contact center_MEAN,0.0361796829022704
PREV_CHANNEL_TYPE_Country-wide_MEAN,0.3697417592757657
PREV_CHANNEL_TYPE_Credit and cash offices_MEAN,0.2955435548700341
PREV_CHANNEL_TYPE_Regional / Local_MEAN,0.0898661756355722
PREV_CHANNEL_TYPE_Stone_MEAN,0.1748504487933996
PREV_NAME_SELLER_INDUSTRY_Auto technology_MEAN,0.0045702361218088
PREV_NAME_SELLER_INDUSTRY_Clothing_MEAN,0.0214566362285739
PREV_NAME_SELLER_INDUSTRY_Connectivity_MEAN,0.2090301955083231
PREV_NAME_SELLER_INDUSTRY_Construction_MEAN,0.0262277183026357
PREV_NAME_SELLER_INDUSTRY_Consumer electronics_MEAN,0.3020250872404378
PREV_NAME_SELLER_INDUSTRY_Furniture_MEAN,0.0495259174143024
PREV_NAME_SELLER_INDUSTRY_Industry_MEAN,0.0174232458368623
PREV_NAME_SELLER_INDUSTRY_Jewelry_MEAN,0.002186731421609
PREV_NAME_SELLER_INDUSTRY_MLM partners_MEAN,0.0009565938689962
PREV_NAME_SELLER_INDUSTRY_Tourism_MEAN,0.0004342647917955
PREV_NAME_SELLER_INDUSTRY_XNA_MEAN,0.366163373264655
PREV_NAME_YIELD_GROUP_XNA_MEAN,0.228757292316884
PREV_NAME_YIELD_GROUP_high_MEAN,0.2377775524644204
PREV_NAME_YIELD_GROUP_low_action_MEAN,0.0685250744387209
PREV_NAME_YIELD_GROUP_low_normal_MEAN,0.2100287596710765
PREV_NAME_YIELD_GROUP_middle_MEAN,0.2549113211088979
PREV_PRODUCT_COMBINATION_Card Street_MEAN,0.0593221476433062
PREV_PRODUCT_COMBINATION_Card X-Sell_MEAN,0.0389416956948449
PREV_PRODUCT_COMBINATION_Cash_MEAN,0.1099868072291754
PREV_PRODUCT_COMBINATION_Cash Street: high_MEAN,0.0322369786949207
PREV_PRODUCT_COMBINATION_Cash Street: low_MEAN,0.0141100044764088
PREV_PRODUCT_COMBINATION_Cash Street: middle_MEAN,0.017574682401646
PREV_PRODUCT_COMBINATION_Cash X-Sell: high_MEAN,0.0276472036546089
PREV_PRODUCT_COMBINATION_Cash X-Sell: low_MEAN,0.0531369255449356
PREV_PRODUCT_COMBINATION_Cash X-Sell: middle_MEAN,0.0625547552732946
PREV_PRODUCT_COMBINATION_POS household with interest_MEAN,0.2068534902499225
PREV_PRODUCT_COMBINATION_POS household without interest_MEAN,0.0661878431167509
PREV_PRODUCT_COMBINATION_POS industry with interest_MEAN,0.0865975683979181
PREV_PRODUCT_COMBINATION_POS industry without interest_MEAN,0.0114071547209698
PREV_PRODUCT_COMBINATION_POS mobile with interest_MEAN,0.1686832265651536
PREV_PRODUCT_COMBINATION_POS mobile without interest_MEAN,0.0211429800208528
PREV_PRODUCT_COMBINATION_POS other with interest_MEAN,0.0211885015516296
PREV_PRODUCT_COMBINATION_POS others without interest_MEAN,0.0024280347636609
APPROVED_AMT_ANNUITY_MIN,8256.372346444294
APPROVED_AMT_ANNUITY_MAX,21635.572533698
APPROVED_AMT_ANNUITY_MEAN,13925.644278853924
APPROVED_AMT_APPLICATION_MIN,75078.31055338359
APPROVED_AMT_APPLICATION_MAX,310970.864172019
APPROVED_AMT_APPLICATION_MEAN,165875.00523891198
APPROVED_AMT_CREDIT_MIN,83477.63277296847
APPROVED_AMT_CREDIT_MAX,343439.585214093
APPROVED_AMT_CREDIT_MEAN,183224.78892128656
APPROVED_APP_CREDIT_PERC_MIN,0.8169897582958028
APPROVED_APP_CREDIT_PERC_MAX,1.1019403371448546
APPROVED_APP_CREDIT_PERC_MEAN,0.9731328878272268
APPROVED_APP_CREDIT_PERC_VAR,0.0813360313058578
APPROVED_AMT_DOWN_PAYMENT_MIN,3573.2397478848684
APPROVED_AMT_DOWN_PAYMENT_MAX,11989.74715605938
APPROVED_AMT_DOWN_PAYMENT_MEAN,7096.695759369943
APPROVED_AMT_GOODS_PRICE_MIN,83940.531028919
APPROVED_AMT_GOODS_PRICE_MAX,317580.14937720593
APPROVED_AMT_GOODS_PRICE_MEAN,174045.86789073318
APPROVED_HOUR_APPR_PROCESS_START_MIN,11.179186446988735
APPROVED_HOUR_APPR_PROCESS_START_MAX,14.38184381905875
APPROVED_HOUR_APPR_PROCESS_START_MEAN,12.743240443551064
APPROVED_RATE_DOWN_PAYMENT_MIN,0.0445163310674621
APPROVED_RATE_DOWN_PAYMENT_MAX,0.1327404757329815
APPROVED_RATE_DOWN_PAYMENT_MEAN,0.0833642484090449
APPROVED_DAYS_DECISION_MIN,-1530.5626333771172
APPROVED_DAYS_DECISION_MAX,-603.0632866879725
APPROVED_DAYS_DECISION_MEAN,-1031.818241781993
APPROVED_CNT_PAYMENT_MEAN,13.592907445724054
APPROVED_CNT_PAYMENT_SUM,43.227869869595295
REFUSED_AMT_ANNUITY_MIN,14930.087340174716
REFUSED_AMT_ANNUITY_MAX,22757.537243764884
REFUSED_AMT_ANNUITY_MEAN,18614.0389533809
REFUSED_AMT_APPLICATION_MIN,213832.6497774453
REFUSED_AMT_APPLICATION_MAX,388400.3681648219
REFUSED_AMT_APPLICATION_MEAN,295891.1003551019
REFUSED_AMT_CREDIT_MIN,240267.3266109782
REFUSED_AMT_CREDIT_MAX,434778.82060320064
REFUSED_AMT_CREDIT_MEAN,331420.6578335625
REFUSED_APP_CREDIT_PERC_MIN,0.8679975445744169
REFUSED_APP_CREDIT_PERC_MAX,0.9724960004451992
REFUSED_APP_CREDIT_PERC_MEAN,0.9219771929795116
REFUSED_APP_CREDIT_PERC_VAR,0.0495069779162708
REFUSED_AMT_DOWN_PAYMENT_MIN,5627.356871959686
REFUSED_AMT_DOWN_PAYMENT_MAX,8102.749090299869
REFUSED_AMT_DOWN_PAYMENT_MEAN,6752.838474682069
REFUSED_AMT_GOODS_PRICE_MIN,243104.57070064367
REFUSED_AMT_GOODS_PRICE_MAX,409346.8922034909
REFUSED_AMT_GOODS_PRICE_MEAN,321688.2806568688
REFUSED_HOUR_APPR_PROCESS_START_MIN,11.603878751620302
REFUSED_HOUR_APPR_PROCESS_START_MAX,13.271343104995513
REFUSED_HOUR_APPR_PROCESS_START_MEAN,12.4195413355076
REFUSED_RATE_DOWN_PAYMENT_MIN,0.0637987556443054
REFUSED_RATE_DOWN_PAYMENT_MAX,0.0836324581734809
REFUSED_RATE_DOWN_PAYMENT_MEAN,0.0736470199652308
REFUSED_DAYS_DECISION_MIN,-983.9386180077774
REFUSED_DAYS_DECISION_MAX,-728.6427161232426
REFUSED_DAYS_DECISION_MEAN,-847.7646973289642
REFUSED_CNT_PAYMENT_MEAN,19.700519682500936
REFUSED_CNT_PAYMENT_SUM,54.24411076807846
POS_MONTHS_BALANCE_MAX,-12.56085889994472
POS_MONTHS_BALANCE_MEAN,-31.831392002616564
POS_MONTHS_BALANCE_SIZE,29.51610351022665
POS_SK_DPD_MAX,15.697847567716972
POS_SK_DPD_MEAN,4.4065533613950185
POS_SK_DPD_DEF_MAX,1.4688467385295745
POS_SK_DPD_DEF_MEAN,0.2148660686085846
POS_NAME_CONTRACT_STATUS_Active_MEAN,0.9046861412501778
POS_NAME_CONTRACT_STATUS_Amortized debt_MEAN,1.5791729847834965e-05
POS_NAME_CONTRACT_STATUS_Approved_MEAN,0.0005975946596791
POS_NAME_CONTRACT_STATUS_Canceled_MEAN,3.135690301330473e-06
POS_NAME_CONTRACT_STATUS_Completed_MEAN,0.0830193318397102
POS_NAME_CONTRACT_STATUS_Demand_MEAN,0.0002864663387116
POS_NAME_CONTRACT_STATUS_Returned to the store_MEAN,0.000804124556846
POS_NAME_CONTRACT_STATUS_Signed_MEAN,0.010587371145307
POS_NAME_CONTRACT_STATUS_XNA_MEAN,4.27894186192419e-08
POS_COUNT,29.51610351022665
INSTAL_NUM_INSTALMENT_VERSION_NUNIQUE,2.2753472615116634
INSTAL_DPD_MAX,19.095112158489883
INSTAL_DPD_MEAN,1.1126400012185718
INSTAL_DPD_SUM,44.65895467430447
INSTAL_DBD_MAX,39.972100742068
INSTAL_DBD_MEAN,12.382490424760482
INSTAL_DBD_SUM,395.0519735981535
INSTAL_PAYMENT_PERC_MAX,18.528008993456243
INSTAL_PAYMENT_PERC_MEAN,2.8869175718754616
INSTAL_PAYMENT_PERC_SUM,142.5036915331588
INSTAL_PAYMENT_PERC_VAR,147347.6363499649
INSTAL_PAYMENT_DIFF_MAX,6774.759579262543
INSTAL_PAYMENT_DIFF_MEAN,-362.2265063710592
INSTAL_PAYMENT_DIFF_SUM,-6323.28806242884
INSTAL_PAYMENT_DIFF_VAR,343718552.9258121
INSTAL_AMT_INSTALMENT_MAX,136339.33153364263
INSTAL_AMT_INSTALMENT_MEAN,18392.64620854973
INSTAL_AMT_INSTALMENT_SUM,672408.2490393772
INSTAL_AMT_PAYMENT_MIN,5198.2482298157765
INSTAL_AMT_PAYMENT_MAX,138183.93604141206
INSTAL_AMT_PAYMENT_MEAN,18754.87271492079
INSTAL_AMT_PAYMENT_SUM,678731.5371018061
INSTAL_DAYS_ENTRY_PAYMENT_MAX,-327.31308753184453
INSTAL_DAYS_ENTRY_PAYMENT_MEAN,-920.931035409144
INSTAL_DAYS_ENTRY_PAYMENT_SUM,-41728.82088350986
INSTAL_COUNT,39.74555186377679
CC_MONTHS_BALANCE_MIN,-37.58450031643749
CC_MONTHS_BALANCE_MAX,-1.4979805534779356
CC_MONTHS_BALANCE_MEAN,-19.52314953246696
CC_MONTHS_BALANCE_SUM,-1289.4566480639778
CC_MONTHS_BALANCE_VAR,213.72310214241304
CC_AMT_BALANCE_MIN,10807.899706633683
CC_AMT_BALANCE_MAX,144501.30662948044
CC_AMT_BALANCE_MEAN,71459.92695171313
CC_AMT_BALANCE_SUM,2194196.075170991
CC_AMT_BALANCE_VAR,5774771784.19933
CC_AMT_CREDIT_LIMIT_ACTUAL_MIN,150870.20884874288
CC_AMT_CREDIT_LIMIT_ACTUAL_MAX,249709.1191530982
CC_AMT_CREDIT_LIMIT_ACTUAL_MEAN,208260.5792624704
CC_AMT_CREDIT_LIMIT_ACTUAL_SUM,5681247.177952937
CC_AMT_CREDIT_LIMIT_ACTUAL_VAR,6161559984.782623
CC_AMT_DRAWINGS_ATM_CURRENT_MIN,2031.6469042075955
CC_AMT_DRAWINGS_ATM_CURRENT_MAX,76663.72957761752
CC_AMT_DRAWINGS_ATM_CURRENT_MEAN,9947.087331378018
CC_AMT_DRAWINGS_ATM_CURRENT_SUM,223324.40736800776
CC_AMT_DRAWINGS_ATM_CURRENT_VAR,1105466109.5014195
CC_AMT_DRAWINGS_CURRENT_MIN,588.6853645935216
CC_AMT_DRAWINGS_CURRENT_MAX,99849.99128951153
CC_AMT_DRAWINGS_CURRENT_MEAN,13913.475109054372
CC_AMT_DRAWINGS_CURRENT_SUM,278357.27987555374
CC_AMT_DRAWINGS_CURRENT_VAR,1861134512.714244
CC_AMT_DRAWINGS_OTHER_CURRENT_MIN,87.87694183689693
CC_AMT_DRAWINGS_OTHER_CURRENT_MAX,7090.587979846963
CC_AMT_DRAWINGS_OTHER_CURRENT_MEAN,497.9314947401887
CC_AMT_DRAWINGS_OTHER_CURRENT_SUM,11015.005400806063
CC_AMT_DRAWINGS_OTHER_CURRENT_VAR,109513964.04957303
CC_AMT_DRAWINGS_POS_CURRENT_MIN,1163.14155738588
CC_AMT_DRAWINGS_POS_CURRENT_MAX,31790.37380018974
CC_AMT_DRAWINGS_POS_CURRENT_MEAN,6447.035687837633
CC_AMT_DRAWINGS_POS_CURRENT_SUM,107717.8634167008
CC_AMT_DRAWINGS_POS_CURRENT_VAR,497331216.5001944
CC_AMT_INST_MIN_REGULARITY_MIN,145.86778195488637
CC_AMT_INST_MIN_REGULARITY_MAX,7576.608632616016
CC_AMT_INST_MIN_REGULARITY_MEAN,3703.930436137085
CC_AMT_INST_MIN_REGULARITY_SUM,133524.1898739815
CC_AMT_INST_MIN_REGULARITY_VAR,17046890.852712657
CC_AMT_PAYMENT_CURRENT_MIN,4162.272269677753
CC_AMT_PAYMENT_CURRENT_MAX,86662.5377277306
CC_AMT_PAYMENT_CURRENT_MEAN,14908.41251743802
CC_AMT_PAYMENT_CURRENT_SUM,380598.1435590746
CC_AMT_PAYMENT_CURRENT_VAR,1551966348.614111
CC_AMT_PAYMENT_TOTAL_CURRENT_MIN,222.83080375122265
CC_AMT_PAYMENT_TOTAL_CURRENT_MAX,81876.36089287153
CC_AMT_PAYMENT_TOTAL_CURRENT_MEAN,10427.538942295932
CC_AMT_PAYMENT_TOTAL_CURRENT_SUM,283534.5677111788
CC_AMT_PAYMENT_TOTAL_CURRENT_VAR,1533907568.133699
CC_AMT_RECEIVABLE_PRINCIPAL_MIN,10364.93202318624
CC_AMT_RECEIVABLE_PRINCIPAL_MAX,137947.74845716584
CC_AMT_RECEIVABLE_PRINCIPAL_MEAN,68748.97193240194
CC_AMT_RECEIVABLE_PRINCIPAL_SUM,2106048.9352198383
CC_AMT_RECEIVABLE_PRINCIPAL_VAR,5386250312.969806
CC_AMT_RECIVABLE_MIN,10390.802739370578
CC_AMT_RECIVABLE_MAX,143471.56964990508
CC_AMT_RECIVABLE_MEAN,70981.68622660807
CC_AMT_RECIVABLE_SUM,2186370.7688964964
CC_AMT_RECIVABLE_VAR,5733433264.664964
CC_AMT_TOTAL_RECEIVABLE_MIN,10391.032024221851
CC_AMT_TOTAL_RECEIVABLE_MAX,143488.48719550087
CC_AMT_TOTAL_RECEIVABLE_MEAN,70985.78897864296
CC_AMT_TOTAL_RECEIVABLE_SUM,2186740.062541108
CC_AMT_TOTAL_RECEIVABLE_VAR,5733749326.572438
CC_CNT_DRAWINGS_ATM_CURRENT_MIN,0.1054931293473145
CC_CNT_DRAWINGS_ATM_CURRENT_MAX,2.914089897884039
CC_CNT_DRAWINGS_ATM_CURRENT_MEAN,0.4747845346926011
CC_CNT_DRAWINGS_ATM_CURRENT_SUM,11.662182725879717
CC_CNT_DRAWINGS_ATM_CURRENT_VAR,1.3872225458575973
CC_CNT_DRAWINGS_CURRENT_MIN,0.1009723261032161
CC_CNT_DRAWINGS_CURRENT_MAX,6.803624647603705
CC_CNT_DRAWINGS_CURRENT_MEAN,1.541650150884112
CC_CNT_DRAWINGS_CURRENT_SUM,26.0430124848973
CC_CNT_DRAWINGS_CURRENT_VAR,15.130740602143256
CC_CNT_DRAWINGS_OTHER_CURRENT_MIN,0.0014614071394055
CC_CNT_DRAWINGS_OTHER_CURRENT_MAX,0.0841474003413911
CC_CNT_DRAWINGS_OTHER_CURRENT_MEAN,0.0064318925507514
CC_CNT_DRAWINGS_OTHER_CURRENT_SUM,0.1840652295372513
CC_CNT_DRAWINGS_OTHER_CURRENT_VAR,0.0075528740832599
CC_CNT_DRAWINGS_POS_CURRENT_MIN,0.2498310625243969
CC_CNT_DRAWINGS_POS_CURRENT_MAX,4.733221337610698
CC_CNT_DRAWINGS_POS_CURRENT_MEAN,1.347846281308591
CC_CNT_DRAWINGS_POS_CURRENT_SUM,20.28699980780905
CC_CNT_DRAWINGS_POS_CURRENT_VAR,12.51376684626464
CC_CNT_INSTALMENT_MATURE_CUM_MIN,0.8333122375007191
CC_CNT_INSTALMENT_MATURE_CUM_MAX,19.01383147543086
CC_CNT_INSTALMENT_MATURE_CUM_MEAN,11.049264453134528
CC_CNT_INSTALMENT_MATURE_CUM_SUM,782.512835393979
CC_CNT_INSTALMENT_MATURE_CUM_VAR,73.91368335414599
CC_SK_DPD_MIN,0.0
CC_SK_DPD_MAX,16.953500949312467
CC_SK_DPD_MEAN,4.209092920368829
CC_SK_DPD_SUM,352.67121569529945
CC_SK_DPD_VAR,2217.698079614083
CC_SK_DPD_DEF_MIN,0.0
CC_SK_DPD_DEF_MAX,0.780024164317358
CC_SK_DPD_DEF_MEAN,0.1268704793583443
CC_SK_DPD_DEF_SUM,10.612151199585757
CC_SK_DPD_DEF_VAR,55.25100592998697
CC_NAME_CONTRACT_STATUS_Active_MIN,0.8309993671250215
CC_NAME_CONTRACT_STATUS_Active_MAX,0.9992290432081008
CC_NAME_CONTRACT_STATUS_Active_MEAN,0.9669108849458956
CC_NAME_CONTRACT_STATUS_Active_SUM,35.862988320579944
CC_NAME_CONTRACT_STATUS_Active_VAR,0.0223850148902457
CC_NAME_CONTRACT_STATUS_Approved_MIN,0.0
CC_NAME_CONTRACT_STATUS_Approved_MAX,5.753408894770152e-05
CC_NAME_CONTRACT_STATUS_Approved_MEAN,6.335425901248352e-07
CC_NAME_CONTRACT_STATUS_Approved_SUM,5.753408894770152e-05
CC_NAME_CONTRACT_STATUS_Approved_VAR,6.381836587901058e-07
CC_NAME_CONTRACT_STATUS_Completed_MIN,0.0003106840803175
CC_NAME_CONTRACT_STATUS_Completed_MAX,0.1220643231114435
CC_NAME_CONTRACT_STATUS_Completed_MEAN,0.0291792030605014
CC_NAME_CONTRACT_STATUS_Completed_SUM,1.151038490305506
CC_NAME_CONTRACT_STATUS_Completed_VAR,0.0194405292617718
CC_NAME_CONTRACT_STATUS_Demand_MIN,0.0
CC_NAME_CONTRACT_STATUS_Demand_MAX,0.0001726022668431
CC_NAME_CONTRACT_STATUS_Demand_MEAN,0.0001055804503578
CC_NAME_CONTRACT_STATUS_Demand_SUM,0.0097002473965824
CC_NAME_CONTRACT_STATUS_Demand_VAR,2.975013394245537e-05
CC_NAME_CONTRACT_STATUS_Refused_MIN,0.0
CC_NAME_CONTRACT_STATUS_Refused_MAX,0.0001610954490535
CC_NAME_CONTRACT_STATUS_Refused_MEAN,1.965724614632373e-06
CC_NAME_CONTRACT_STATUS_Refused_SUM,0.0001610954490535
CC_NAME_CONTRACT_STATUS_Refused_VAR,1.9801246929471142e-06
CC_NAME_CONTRACT_STATUS_Sent proposal_MIN,0.0
CC_NAME_CONTRACT_STATUS_Sent proposal_MAX,0.0052931361831885
CC_NAME_CONTRACT_STATUS_Sent proposal_MEAN,6.352520730746464e-05
CC_NAME_CONTRACT_STATUS_Sent proposal_SUM,0.0052931361831885
CC_NAME_CONTRACT_STATUS_Sent proposal_VAR,6.399056646987138e-05
CC_NAME_CONTRACT_STATUS_Signed_MIN,0.0003682181692652
CC_NAME_CONTRACT_STATUS_Signed_MAX,0.0493757551349174
CC_NAME_CONTRACT_STATUS_Signed_MEAN,0.003738207068733
CC_NAME_CONTRACT_STATUS_Signed_SUM,0.114366262010241
CC_NAME_CONTRACT_STATUS_Signed_VAR,0.0030696075602655
CC_COUNT,37.143605086013466
